validation_loss,validation_accuracy,epoch,step,train_loss,train_accuracy
2.664782762527466,0.2078244984149933,0,3907,,
,,0,3907,2.7071003913879395,0.1553712785243988
